Source,Target,Weight
RuleAbstractNouns,atl,0.26932179889457974
RuleAbstractNouns,cli,0.2606191560207871
RuleCaseRepetition,RuleCaseRepetition.max_repetition_frac,0.27819141577223877
RuleCaseRepetition,RuleCaseRepetition.max_repetition_frac.v,0.28551960100908086
RuleCaseRepetition,RuleGPwordorder,0.2957625521109001
RuleCaseRepetition,RuleInfVerbDistance,0.27197820730931976
RuleCaseRepetition,RuleLiteraryStyle,0.4087129790948845
RuleCaseRepetition,RuleLongSentences.max_length,0.9150522658009638
RuleCaseRepetition,RuleMultiPartVerbs,0.48903240920166374
RuleCaseRepetition,RuleMultiPartVerbs.max_distance.v,0.4069170246463083
RuleCaseRepetition,RulePassive,0.4154062233706997
RuleCaseRepetition,RulePredAtClauseBeginning,0.6449958647560303
RuleCaseRepetition,RulePredAtClauseBeginning.max_order,0.5682429571105315
RuleCaseRepetition,RulePredAtClauseBeginning.max_order.v,0.49440883850162237
RuleCaseRepetition,RulePredObjDistance,0.5039777215661125
RuleCaseRepetition,RulePredObjDistance.max_distance,0.25262588936456754
RuleCaseRepetition,RulePredObjDistance.max_distance.v,0.38911084179551503
RuleCaseRepetition,RulePredSubjDistance,0.4198139230231725
RuleCaseRepetition,RulePredSubjDistance.max_distance,0.31033542296896904
RuleCaseRepetition,RulePredSubjDistance.max_distance.v,0.5026992851080825
RuleCaseRepetition,RuleTooFewVerbs,0.3035368108792556
RuleCaseRepetition,RuleTooFewVerbs.min_verb_frac,0.7657798009706952
RuleCaseRepetition,RuleTooManyNegations,0.6845092798809165
RuleCaseRepetition,RuleTooManyNegations.max_allowable_negations,0.43052988133406356
RuleCaseRepetition,RuleTooManyNegations.max_negation_frac,0.3911619379229174
RuleCaseRepetition,RuleTooManyNominalConstructions,0.6470218700356106
RuleCaseRepetition,RuleTooManyNominalConstructions.max_allowable_nouns,0.6527377432693302
RuleCaseRepetition,RuleTooManyNominalConstructions.max_allowable_nouns.v,0.36692335689102956
RuleCaseRepetition,RuleTooManyNominalConstructions.max_noun_frac.v,0.2533982253069615
RuleCaseRepetition,activity,0.6602890467945515
RuleCaseRepetition,ari,0.9635971610267905
RuleCaseRepetition,atl,0.5194473080428446
RuleCaseRepetition,cli,0.2874712689606623
RuleCaseRepetition,fkgl,0.9464259364508575
RuleCaseRepetition,fre,0.6975643703067386
RuleCaseRepetition,gf,0.9418372768991892
RuleCaseRepetition,mamr,0.5983599086697847
RuleCaseRepetition,sent_count,0.2900730047091725
RuleCaseRepetition,smog,0.9203563690616653
RuleCaseRepetition,verb_dist,0.5458557597070669
RuleCaseRepetition,word_count,0.2596896757057877
RuleCaseRepetition.max_repetition_count,RuleCaseRepetition.max_repetition_count.v,0.611329414101577
RuleCaseRepetition.max_repetition_count,RuleCaseRepetition.max_repetition_frac,0.8164365902066255
RuleCaseRepetition.max_repetition_count,RuleCaseRepetition.max_repetition_frac.v,0.7979314228933025
RuleCaseRepetition.max_repetition_count,RuleDoubleAdpos,0.2561604669258132
RuleCaseRepetition.max_repetition_count,activity,0.36353241974454564
RuleCaseRepetition.max_repetition_count,atl,0.3408966849985939
RuleCaseRepetition.max_repetition_count,cli,0.42180217172070356
RuleCaseRepetition.max_repetition_count,fre,0.3621214113884091
RuleCaseRepetition.max_repetition_count.v,RuleCaseRepetition.max_repetition_count,0.611329414101577
RuleCaseRepetition.max_repetition_count.v,RuleCaseRepetition.max_repetition_frac,0.48474618504441774
RuleCaseRepetition.max_repetition_count.v,RuleCaseRepetition.max_repetition_frac.v,0.49479680352072153
RuleCaseRepetition.max_repetition_count.v,RuleDoubleAdpos,0.27611381774478916
RuleCaseRepetition.max_repetition_count.v,RuleTooManyNominalConstructions.max_noun_frac,0.2830841686980425
RuleCaseRepetition.max_repetition_count.v,atl,0.26016399882066576
RuleCaseRepetition.max_repetition_count.v,cli,0.32733302773882683
RuleCaseRepetition.max_repetition_count.v,entropy,0.25506813165760645
RuleCaseRepetition.max_repetition_count.v,fre,0.29707504128653006
RuleCaseRepetition.max_repetition_frac,RuleCaseRepetition,0.27819141577223877
RuleCaseRepetition.max_repetition_frac,RuleCaseRepetition.max_repetition_count,0.8164365902066255
RuleCaseRepetition.max_repetition_frac,RuleCaseRepetition.max_repetition_count.v,0.48474618504441774
RuleCaseRepetition.max_repetition_frac,RuleCaseRepetition.max_repetition_frac.v,0.9863742959228847
RuleCaseRepetition.max_repetition_frac,RuleLongSentences.max_length,0.2712322670245334
RuleCaseRepetition.max_repetition_frac,RulePredAtClauseBeginning,0.38474317690186133
RuleCaseRepetition.max_repetition_frac,RulePredSubjDistance,0.2689678087878234
RuleCaseRepetition.max_repetition_frac,RuleTooFewVerbs.min_verb_frac,0.36337366050644804
RuleCaseRepetition.max_repetition_frac,RuleTooManyNegations.max_negation_frac,0.28567944460855094
RuleCaseRepetition.max_repetition_frac,RuleTooManyNominalConstructions,0.34334158988731134
RuleCaseRepetition.max_repetition_frac,RuleTooManyNominalConstructions.max_allowable_nouns,0.37574218097404183
RuleCaseRepetition.max_repetition_frac,activity,0.49238807525342265
RuleCaseRepetition.max_repetition_frac,ari,0.3540000624971603
RuleCaseRepetition.max_repetition_frac,fkgl,0.3815506350604875
RuleCaseRepetition.max_repetition_frac,fre,0.4353371144967146
RuleCaseRepetition.max_repetition_frac,gf,0.3423231776107776
RuleCaseRepetition.max_repetition_frac,mamr,0.26287489492604843
RuleCaseRepetition.max_repetition_frac,smog,0.3733673155654093
RuleCaseRepetition.max_repetition_frac.v,RuleCaseRepetition,0.28551960100908086
RuleCaseRepetition.max_repetition_frac.v,RuleCaseRepetition.max_repetition_count,0.7979314228933025
RuleCaseRepetition.max_repetition_frac.v,RuleCaseRepetition.max_repetition_count.v,0.49479680352072153
RuleCaseRepetition.max_repetition_frac.v,RuleCaseRepetition.max_repetition_frac,0.9863742959228847
RuleCaseRepetition.max_repetition_frac.v,RuleLongSentences.max_length,0.2667816397055611
RuleCaseRepetition.max_repetition_frac.v,RulePredAtClauseBeginning,0.36930428907383367
RuleCaseRepetition.max_repetition_frac.v,RulePredSubjDistance,0.2575651351971963
RuleCaseRepetition.max_repetition_frac.v,RuleTooFewVerbs.min_verb_frac,0.35305294510003304
RuleCaseRepetition.max_repetition_frac.v,RuleTooManyNegations.max_negation_frac,0.292731342235898
RuleCaseRepetition.max_repetition_frac.v,RuleTooManyNominalConstructions,0.32356023312508203
RuleCaseRepetition.max_repetition_frac.v,RuleTooManyNominalConstructions.max_allowable_nouns,0.35831273622950355
RuleCaseRepetition.max_repetition_frac.v,activity,0.47798969357314025
RuleCaseRepetition.max_repetition_frac.v,ari,0.3554820400648723
RuleCaseRepetition.max_repetition_frac.v,fkgl,0.3856813836575389
RuleCaseRepetition.max_repetition_frac.v,fre,0.4424585649919756
RuleCaseRepetition.max_repetition_frac.v,gf,0.34302291612784636
RuleCaseRepetition.max_repetition_frac.v,mamr,0.2617547296910302
RuleCaseRepetition.max_repetition_frac.v,smog,0.37400183364008743
RuleDoubleAdpos,RuleCaseRepetition.max_repetition_count,0.2561604669258132
RuleDoubleAdpos,RuleCaseRepetition.max_repetition_count.v,0.27611381774478916
RuleDoubleAdpos,RuleDoubleAdpos.max_allowable_distance.v,0.40122581188298617
RuleDoubleAdpos.max_allowable_distance,RuleDoubleAdpos.max_allowable_distance.v,0.47652651260002465
RuleDoubleAdpos.max_allowable_distance,RuleTooManyNominalConstructions.max_allowable_nouns.v,0.2801604118553075
RuleDoubleAdpos.max_allowable_distance.v,RuleDoubleAdpos,0.40122581188298617
RuleDoubleAdpos.max_allowable_distance.v,RuleDoubleAdpos.max_allowable_distance,0.47652651260002465
RuleDoubleAdpos.max_allowable_distance.v,RuleMultiPartVerbs.max_distance.v,0.2586050939960819
RuleDoubleAdpos.max_allowable_distance.v,char_count,0.4111959522034542
RuleDoubleAdpos.max_allowable_distance.v,entropy,0.4698479075570401
RuleDoubleAdpos.max_allowable_distance.v,hpoint,0.4418605311407322
RuleDoubleAdpos.max_allowable_distance.v,num_hapax,0.3523180322883629
RuleDoubleAdpos.max_allowable_distance.v,sent_count,0.29292567955324694
RuleDoubleAdpos.max_allowable_distance.v,syllab_count,0.4098954489106315
RuleDoubleAdpos.max_allowable_distance.v,ttr,0.3828950241625111
RuleDoubleAdpos.max_allowable_distance.v,word_count,0.4190872056345727
RuleFunctionWordRepetition,RulePredSubjDistance.max_distance,0.40161030523635366
RuleFunctionWordRepetition,maentropy.v,0.5695654616269238
RuleFunctionWordRepetition,mattr.v,0.4169847839973172
RuleGPwordorder,RuleCaseRepetition,0.2957625521109001
RuleGPwordorder,RuleInfVerbDistance,0.2901291899636071
RuleGPwordorder,RuleLongSentences.max_length,0.3456943110266829
RuleGPwordorder,RulePredAtClauseBeginning,0.271806760929907
RuleGPwordorder,RulePredSubjDistance,0.34442367349609493
RuleGPwordorder,RuleTooFewVerbs.min_verb_frac,0.36061380798181847
RuleGPwordorder,RuleTooManyNegations,0.3176313113546979
RuleGPwordorder,RuleTooManyNominalConstructions,0.3665237208338095
RuleGPwordorder,RuleTooManyNominalConstructions.max_allowable_nouns,0.26643383732209225
RuleGPwordorder,activity,0.29265109653563043
RuleGPwordorder,ari,0.31064359736499997
RuleGPwordorder,atl,0.2852069630477131
RuleGPwordorder,fkgl,0.2634115248260214
RuleGPwordorder,gf,0.28968575082435505
RuleGPwordorder,mamr,0.2975644826852581
RuleGPwordorder,mattr,0.2513762395387016
RuleGPwordorder,smog,0.28444898661518825
RuleGPwordorder,verb_dist,0.3051136973314212
RuleInfVerbDistance,RuleCaseRepetition,0.27197820730931976
RuleInfVerbDistance,RuleGPwordorder,0.2901291899636071
RuleInfVerbDistance,RuleLongSentences.max_length,0.3362116026886749
RuleInfVerbDistance,RuleMultiPartVerbs,0.37679246992051535
RuleInfVerbDistance,RulePassive,0.3083587089819256
RuleInfVerbDistance,RulePredAtClauseBeginning,0.572817136202275
RuleInfVerbDistance,RulePredAtClauseBeginning.max_order,0.3257079084303109
RuleInfVerbDistance,RulePredObjDistance,0.3020335694149108
RuleInfVerbDistance,RulePredSubjDistance,0.32768753396657185
RuleInfVerbDistance,RuleTooFewVerbs.min_verb_frac,0.636575830076342
RuleInfVerbDistance,RuleTooFewVerbs.min_verb_frac.v,0.3386156363494517
RuleInfVerbDistance,RuleTooManyNominalConstructions,0.5714485722717586
RuleInfVerbDistance,RuleTooManyNominalConstructions.max_allowable_nouns,0.4845073637767713
RuleInfVerbDistance,activity,0.6595616196475854
RuleInfVerbDistance,ari,0.2704533223869971
RuleInfVerbDistance,atl,0.3449036695945767
RuleInfVerbDistance,cli,0.2740879139363752
RuleInfVerbDistance,gf,0.2923529723000546
RuleInfVerbDistance,mamr,0.46967236356651804
RuleInfVerbDistance,sent_count,0.2735344925681153
RuleInfVerbDistance,smog,0.29305223204113173
RuleInfVerbDistance,verb_dist,0.5814126344692679
RuleInfVerbDistance.max_distance.v,char_count,0.3739792621166049
RuleInfVerbDistance.max_distance.v,entropy,0.40700108514871647
RuleInfVerbDistance.max_distance.v,hpoint,0.41388755980343855
RuleInfVerbDistance.max_distance.v,num_hapax,0.3316969079919256
RuleInfVerbDistance.max_distance.v,sent_count,0.2714870393352947
RuleInfVerbDistance.max_distance.v,syllab_count,0.373502958821923
RuleInfVerbDistance.max_distance.v,ttr,0.3754385845484855
RuleInfVerbDistance.max_distance.v,word_count,0.3740994613621672
RuleLiteraryStyle,RuleCaseRepetition,0.4087129790948845
RuleLiteraryStyle,RuleLongSentences.max_length,0.3404092915950502
RuleLiteraryStyle,RulePassive,0.2662248139557844
RuleLiteraryStyle,RulePredAtClauseBeginning,0.2649677426858337
RuleLiteraryStyle,RulePredAtClauseBeginning.max_order.v,0.25334641786468964
RuleLiteraryStyle,RuleTooFewVerbs.min_verb_frac,0.25174401026314647
RuleLiteraryStyle,RuleTooManyNegations,0.3652957168728727
RuleLiteraryStyle,activity,0.27626459723486657
RuleLiteraryStyle,ari,0.37782616672920155
RuleLiteraryStyle,fkgl,0.37707692751409033
RuleLiteraryStyle,fre,0.2985085453116476
RuleLiteraryStyle,gf,0.3771309585590111
RuleLiteraryStyle,smog,0.38174893261569226
RuleLongSentences,RuleLongSentences.max_length.v,0.5166770348105337
RuleLongSentences.max_length,RuleCaseRepetition,0.9150522658009638
RuleLongSentences.max_length,RuleCaseRepetition.max_repetition_frac,0.2712322670245334
RuleLongSentences.max_length,RuleCaseRepetition.max_repetition_frac.v,0.2667816397055611
RuleLongSentences.max_length,RuleGPwordorder,0.3456943110266829
RuleLongSentences.max_length,RuleInfVerbDistance,0.3362116026886749
RuleLongSentences.max_length,RuleLiteraryStyle,0.3404092915950502
RuleLongSentences.max_length,RuleMultiPartVerbs,0.5599772196283611
RuleLongSentences.max_length,RuleMultiPartVerbs.max_distance,0.28912935523609606
RuleLongSentences.max_length,RuleMultiPartVerbs.max_distance.v,0.38586982936676933
RuleLongSentences.max_length,RulePassive,0.3552216879819659
RuleLongSentences.max_length,RulePredAtClauseBeginning,0.6996410067602196
RuleLongSentences.max_length,RulePredAtClauseBeginning.max_order,0.7138068634003588
RuleLongSentences.max_length,RulePredAtClauseBeginning.max_order.v,0.5473850416508679
RuleLongSentences.max_length,RulePredObjDistance,0.4203954545102089
RuleLongSentences.max_length,RulePredObjDistance.max_distance,0.33999190553110425
RuleLongSentences.max_length,RulePredObjDistance.max_distance.v,0.36696817845382346
RuleLongSentences.max_length,RulePredSubjDistance,0.5467734332513703
RuleLongSentences.max_length,RulePredSubjDistance.max_distance,0.44264491212627566
RuleLongSentences.max_length,RulePredSubjDistance.max_distance.v,0.5178863555926779
RuleLongSentences.max_length,RuleTooFewVerbs.min_verb_frac,0.7815681199953958
RuleLongSentences.max_length,RuleTooFewVerbs.min_verb_frac.v,0.26951093985162666
RuleLongSentences.max_length,RuleTooManyNegations,0.6543609748922009
RuleLongSentences.max_length,RuleTooManyNegations.max_allowable_negations,0.3929959197775489
RuleLongSentences.max_length,RuleTooManyNegations.max_negation_frac,0.3529867203876396
RuleLongSentences.max_length,RuleTooManyNominalConstructions,0.7476964410377972
RuleLongSentences.max_length,RuleTooManyNominalConstructions.max_allowable_nouns,0.6889034442123106
RuleLongSentences.max_length,RuleTooManyNominalConstructions.max_allowable_nouns.v,0.42750865403760496
RuleLongSentences.max_length,RuleVerbalNouns,0.27110669866406123
RuleLongSentences.max_length,RuleWeakMeaningWords,0.25062073748142316
RuleLongSentences.max_length,activity,0.6822309603248207
RuleLongSentences.max_length,ari,0.9434186059640246
RuleLongSentences.max_length,atl,0.6477168724688969
RuleLongSentences.max_length,cli,0.44374355599528925
RuleLongSentences.max_length,fkgl,0.8906047546405713
RuleLongSentences.max_length,fre,0.5534420106194288
RuleLongSentences.max_length,gf,0.921700181227803
RuleLongSentences.max_length,mamr,0.6919430899927766
RuleLongSentences.max_length,sent_count,0.36043404327758816
RuleLongSentences.max_length,smog,0.8805366248310311
RuleLongSentences.max_length,verb_dist,0.6675922769210305
RuleLongSentences.max_length.v,RuleLongSentences,0.5166770348105337
RuleLongSentences.max_length.v,RuleMultiPartVerbs.max_distance,0.34107297020958427
RuleLongSentences.max_length.v,RuleMultiPartVerbs.max_distance.v,0.2668277398371902
RuleLongSentences.max_length.v,RulePredAtClauseBeginning.max_order.v,0.3395066631189127
RuleLongSentences.max_length.v,RulePredObjDistance.max_distance,0.35557722755388627
RuleLongSentences.max_length.v,RulePredObjDistance.max_distance.v,0.35594527951555877
RuleLongSentences.max_length.v,RulePredSubjDistance,0.29622245594136076
RuleLongSentences.max_length.v,RulePredSubjDistance.max_distance,0.29629926608849266
RuleLongSentences.max_length.v,RulePredSubjDistance.max_distance.v,0.32852546467857735
RuleLongSentences.max_length.v,RuleTooFewVerbs,0.29440249750451863
RuleLongSentences.max_length.v,RuleTooManyNominalConstructions,0.3188858385004579
RuleLongSentences.max_length.v,RuleTooManyNominalConstructions.max_allowable_nouns.v,0.3151354303498919
RuleLongSentences.max_length.v,maentropy.v,0.458286488600553
RuleLongSentences.max_length.v,mamr,0.2813567657622892
RuleLongSentences.max_length.v,mattr.v,0.3779141287434592
RuleMultiPartVerbs,RuleCaseRepetition,0.48903240920166374
RuleMultiPartVerbs,RuleInfVerbDistance,0.37679246992051535
RuleMultiPartVerbs,RuleLongSentences.max_length,0.5599772196283611
RuleMultiPartVerbs,RulePredAtClauseBeginning,0.7332190368549192
RuleMultiPartVerbs,RulePredAtClauseBeginning.max_order,0.5058287613739364
RuleMultiPartVerbs,RulePredAtClauseBeginning.max_order.v,0.2796489551827717
RuleMultiPartVerbs,RulePredSubjDistance,0.5067519474440468
RuleMultiPartVerbs,RulePredSubjDistance.max_distance,0.2618942828295356
RuleMultiPartVerbs,RulePredSubjDistance.max_distance.v,0.3508211623103499
RuleMultiPartVerbs,RuleTooFewVerbs.min_verb_frac,0.6293519222883811
RuleMultiPartVerbs,RuleTooFewVerbs.min_verb_frac.v,0.34899902350709355
RuleMultiPartVerbs,RuleTooManyNegations,0.29350756243076503
RuleMultiPartVerbs,RuleTooManyNominalConstructions,0.7052334305041856
RuleMultiPartVerbs,RuleTooManyNominalConstructions.max_allowable_nouns,0.6618259027702171
RuleMultiPartVerbs,RuleTooManyNominalConstructions.max_allowable_nouns.v,0.27134438913632025
RuleMultiPartVerbs,activity,0.529472284877514
RuleMultiPartVerbs,ari,0.49240889104944424
RuleMultiPartVerbs,atl,0.4665204313747285
RuleMultiPartVerbs,cli,0.35354934524454495
RuleMultiPartVerbs,fkgl,0.4055987027393917
RuleMultiPartVerbs,gf,0.5045427933230247
RuleMultiPartVerbs,mamr,0.6146844000719458
RuleMultiPartVerbs,smog,0.4952695315939789
RuleMultiPartVerbs,verb_dist,0.5428869486554239
RuleMultiPartVerbs.max_distance,RuleLongSentences.max_length,0.28912935523609606
RuleMultiPartVerbs.max_distance,RuleLongSentences.max_length.v,0.34107297020958427
RuleMultiPartVerbs.max_distance,RuleMultiPartVerbs.max_distance.v,0.2720940472727738
RuleMultiPartVerbs.max_distance,RulePredAtClauseBeginning.max_order,0.25311520635316265
RuleMultiPartVerbs.max_distance,RulePredAtClauseBeginning.max_order.v,0.3782540258345224
RuleMultiPartVerbs.max_distance,RulePredObjDistance.max_distance,0.4183842428639446
RuleMultiPartVerbs.max_distance,RulePredObjDistance.max_distance.v,0.36367731992142405
RuleMultiPartVerbs.max_distance,RulePredSubjDistance.max_distance.v,0.3409585420606322
RuleMultiPartVerbs.max_distance,RuleTooManyNominalConstructions,0.25210985025881416
RuleMultiPartVerbs.max_distance,RuleTooManyNominalConstructions.max_allowable_nouns.v,0.36348229626870693
RuleMultiPartVerbs.max_distance,ari,0.264956019889927
RuleMultiPartVerbs.max_distance,gf,0.2536231846878655
RuleMultiPartVerbs.max_distance,maentropy.v,0.32542836408747167
RuleMultiPartVerbs.max_distance,mattr.v,0.3417434861157378
RuleMultiPartVerbs.max_distance.v,RuleCaseRepetition,0.4069170246463083
RuleMultiPartVerbs.max_distance.v,RuleDoubleAdpos.max_allowable_distance.v,0.2586050939960819
RuleMultiPartVerbs.max_distance.v,RuleLongSentences.max_length,0.38586982936676933
RuleMultiPartVerbs.max_distance.v,RuleLongSentences.max_length.v,0.2668277398371902
RuleMultiPartVerbs.max_distance.v,RuleMultiPartVerbs.max_distance,0.2720940472727738
RuleMultiPartVerbs.max_distance.v,RulePredAtClauseBeginning,0.2729186103440417
RuleMultiPartVerbs.max_distance.v,RulePredAtClauseBeginning.max_order.v,0.36519186094462935
RuleMultiPartVerbs.max_distance.v,RulePredObjDistance.max_distance.v,0.387427389653191
RuleMultiPartVerbs.max_distance.v,RulePredSubjDistance.max_distance.v,0.3788201921614794
RuleMultiPartVerbs.max_distance.v,RuleTooFewVerbs.min_verb_frac,0.34451426968402876
RuleMultiPartVerbs.max_distance.v,RuleTooManyNegations,0.2900589049040838
RuleMultiPartVerbs.max_distance.v,RuleTooManyNominalConstructions,0.3075317059630679
RuleMultiPartVerbs.max_distance.v,RuleTooManyNominalConstructions.max_allowable_nouns,0.27995433462517366
RuleMultiPartVerbs.max_distance.v,activity,0.30545332846037415
RuleMultiPartVerbs.max_distance.v,ari,0.3974594585561874
RuleMultiPartVerbs.max_distance.v,char_count,0.31322116493010266
RuleMultiPartVerbs.max_distance.v,entropy,0.30547887105324484
RuleMultiPartVerbs.max_distance.v,fkgl,0.37967397491199606
RuleMultiPartVerbs.max_distance.v,fre,0.25438562212572186
RuleMultiPartVerbs.max_distance.v,gf,0.39762011538507974
RuleMultiPartVerbs.max_distance.v,hpoint,0.3432749869460913
RuleMultiPartVerbs.max_distance.v,mamr,0.2922169172432388
RuleMultiPartVerbs.max_distance.v,num_hapax,0.3053207597829575
RuleMultiPartVerbs.max_distance.v,smog,0.396892322626916
RuleMultiPartVerbs.max_distance.v,syllab_count,0.2986995266692734
RuleMultiPartVerbs.max_distance.v,ttr,0.30719262828529464
RuleMultiPartVerbs.max_distance.v,verb_dist,0.2898813007889967
RuleMultiPartVerbs.max_distance.v,word_count,0.34194303496856887
RulePassive,RuleCaseRepetition,0.4154062233706997
RulePassive,RuleInfVerbDistance,0.3083587089819256
RulePassive,RuleLiteraryStyle,0.2662248139557844
RulePassive,RuleLongSentences.max_length,0.3552216879819659
RulePassive,RulePredAtClauseBeginning,0.30012482229596665
RulePassive,RuleTooFewVerbs.min_verb_frac,0.4209709823881912
RulePassive,RuleTooManyNegations,0.34247385813480996
RulePassive,RuleTooManyNegations.max_negation_frac,0.30057117857163246
RulePassive,RuleTooManyNominalConstructions,0.26015554606423313
RulePassive,activity,0.4995586646303861
RulePassive,ari,0.3856181429773338
RulePassive,atl,0.25157508010222324
RulePassive,fkgl,0.3822589500409637
RulePassive,fre,0.271908147848816
RulePassive,gf,0.3886625844878828
RulePassive,smog,0.391061506327187
RulePassive,verb_dist,0.3328112458447626
RulePredAtClauseBeginning,RuleCaseRepetition,0.6449958647560303
RulePredAtClauseBeginning,RuleCaseRepetition.max_repetition_frac,0.38474317690186133
RulePredAtClauseBeginning,RuleCaseRepetition.max_repetition_frac.v,0.36930428907383367
RulePredAtClauseBeginning,RuleGPwordorder,0.271806760929907
RulePredAtClauseBeginning,RuleInfVerbDistance,0.572817136202275
RulePredAtClauseBeginning,RuleLiteraryStyle,0.2649677426858337
RulePredAtClauseBeginning,RuleLongSentences.max_length,0.6996410067602196
RulePredAtClauseBeginning,RuleMultiPartVerbs,0.7332190368549192
RulePredAtClauseBeginning,RuleMultiPartVerbs.max_distance.v,0.2729186103440417
RulePredAtClauseBeginning,RulePassive,0.30012482229596665
RulePredAtClauseBeginning,RulePredAtClauseBeginning.max_order,0.6261861408027868
RulePredAtClauseBeginning,RulePredAtClauseBeginning.max_order.v,0.3862088615762597
RulePredAtClauseBeginning,RulePredObjDistance.max_distance,0.31416774930536756
RulePredAtClauseBeginning,RulePredObjDistance.max_distance.v,0.29288521912912496
RulePredAtClauseBeginning,RulePredSubjDistance,0.6533256207990992
RulePredAtClauseBeginning,RulePredSubjDistance.max_distance,0.3548976029982041
RulePredAtClauseBeginning,RulePredSubjDistance.max_distance.v,0.41688074749217047
RulePredAtClauseBeginning,RuleTooFewVerbs.min_verb_frac,0.8673175128060795
RulePredAtClauseBeginning,RuleTooFewVerbs.min_verb_frac.v,0.4326008932955951
RulePredAtClauseBeginning,RuleTooManyNegations,0.32151587706116597
RulePredAtClauseBeginning,RuleTooManyNominalConstructions,0.9343860066178241
RulePredAtClauseBeginning,RuleTooManyNominalConstructions.max_allowable_nouns,0.8858427211113593
RulePredAtClauseBeginning,RuleTooManyNominalConstructions.max_allowable_nouns.v,0.4021714839810248
RulePredAtClauseBeginning,RuleTooManyNominalConstructions.max_noun_frac.v,0.28290474528644266
RulePredAtClauseBeginning,activity,0.869977807473684
RulePredAtClauseBeginning,ari,0.6637328521386725
RulePredAtClauseBeginning,atl,0.4841605787692924
RulePredAtClauseBeginning,cli,0.3106026916326274
RulePredAtClauseBeginning,fkgl,0.5827510484416686
RulePredAtClauseBeginning,fre,0.2806313340106074
RulePredAtClauseBeginning,gf,0.6598434291938985
RulePredAtClauseBeginning,maentropy,0.29788048384880217
RulePredAtClauseBeginning,mamr,0.7349508105826631
RulePredAtClauseBeginning,mattr,0.2783057107685109
RulePredAtClauseBeginning,sent_count,0.36986882383293973
RulePredAtClauseBeginning,smog,0.6508561945419545
RulePredAtClauseBeginning,verb_dist,0.7729183134824501
RulePredAtClauseBeginning.max_order,RuleCaseRepetition,0.5682429571105315
RulePredAtClauseBeginning.max_order,RuleInfVerbDistance,0.3257079084303109
RulePredAtClauseBeginning.max_order,RuleLongSentences.max_length,0.7138068634003588
RulePredAtClauseBeginning.max_order,RuleMultiPartVerbs,0.5058287613739364
RulePredAtClauseBeginning.max_order,RuleMultiPartVerbs.max_distance,0.25311520635316265
RulePredAtClauseBeginning.max_order,RulePredAtClauseBeginning,0.6261861408027868
RulePredAtClauseBeginning.max_order,RulePredAtClauseBeginning.max_order.v,0.5505497426894855
RulePredAtClauseBeginning.max_order,RulePredObjDistance.max_distance,0.32359970200700955
RulePredAtClauseBeginning.max_order,RulePredSubjDistance,0.46756308607170344
RulePredAtClauseBeginning.max_order,RulePredSubjDistance.max_distance,0.5436568822114284
RulePredAtClauseBeginning.max_order,RulePredSubjDistance.max_distance.v,0.4498588324696598
RulePredAtClauseBeginning.max_order,RuleTooFewVerbs.min_verb_frac,0.6207255701711814
RulePredAtClauseBeginning.max_order,RuleTooFewVerbs.min_verb_frac.v,0.26614578972333913
RulePredAtClauseBeginning.max_order,RuleTooManyNegations,0.36453941829262054
RulePredAtClauseBeginning.max_order,RuleTooManyNominalConstructions,0.6398423033742219
RulePredAtClauseBeginning.max_order,RuleTooManyNominalConstructions.max_allowable_nouns,0.64198885343714
RulePredAtClauseBeginning.max_order,RuleTooManyNominalConstructions.max_allowable_nouns.v,0.30846238271376947
RulePredAtClauseBeginning.max_order,activity,0.5594929771574718
RulePredAtClauseBeginning.max_order,ari,0.6184379354346915
RulePredAtClauseBeginning.max_order,atl,0.4729389972657289
RulePredAtClauseBeginning.max_order,cli,0.3476142774562331
RulePredAtClauseBeginning.max_order,fkgl,0.5619714950934546
RulePredAtClauseBeginning.max_order,fre,0.29673874130370775
RulePredAtClauseBeginning.max_order,gf,0.6104131893244312
RulePredAtClauseBeginning.max_order,mamr,0.48761595040075423
RulePredAtClauseBeginning.max_order,sent_count,0.306536221846611
RulePredAtClauseBeginning.max_order,smog,0.5784709123994477
RulePredAtClauseBeginning.max_order,verb_dist,0.6528224688448221
RulePredAtClauseBeginning.max_order.v,RuleCaseRepetition,0.49440883850162237
RulePredAtClauseBeginning.max_order.v,RuleLiteraryStyle,0.25334641786468964
RulePredAtClauseBeginning.max_order.v,RuleLongSentences.max_length,0.5473850416508679
RulePredAtClauseBeginning.max_order.v,RuleLongSentences.max_length.v,0.3395066631189127
RulePredAtClauseBeginning.max_order.v,RuleMultiPartVerbs,0.2796489551827717
RulePredAtClauseBeginning.max_order.v,RuleMultiPartVerbs.max_distance,0.3782540258345224
RulePredAtClauseBeginning.max_order.v,RuleMultiPartVerbs.max_distance.v,0.36519186094462935
RulePredAtClauseBeginning.max_order.v,RulePredAtClauseBeginning,0.3862088615762597
RulePredAtClauseBeginning.max_order.v,RulePredAtClauseBeginning.max_order,0.5505497426894855
RulePredAtClauseBeginning.max_order.v,RulePredObjDistance,0.25066636679546545
RulePredAtClauseBeginning.max_order.v,RulePredObjDistance.max_distance,0.40401486496758354
RulePredAtClauseBeginning.max_order.v,RulePredObjDistance.max_distance.v,0.4063704257131096
RulePredAtClauseBeginning.max_order.v,RulePredSubjDistance,0.3596715692564739
RulePredAtClauseBeginning.max_order.v,RulePredSubjDistance.max_distance,0.2692577652944769
RulePredAtClauseBeginning.max_order.v,RulePredSubjDistance.max_distance.v,0.591932152456349
RulePredAtClauseBeginning.max_order.v,RuleTooFewVerbs.min_verb_frac,0.41922745254926164
RulePredAtClauseBeginning.max_order.v,RuleTooManyNegations,0.3467827817527378
RulePredAtClauseBeginning.max_order.v,RuleTooManyNegations.max_allowable_negations,0.26638321383634567
RulePredAtClauseBeginning.max_order.v,RuleTooManyNominalConstructions,0.43819067871052303
RulePredAtClauseBeginning.max_order.v,RuleTooManyNominalConstructions.max_allowable_nouns,0.40143288399106125
RulePredAtClauseBeginning.max_order.v,RuleTooManyNominalConstructions.max_allowable_nouns.v,0.41429867455962843
RulePredAtClauseBeginning.max_order.v,activity,0.35458958689868036
RulePredAtClauseBeginning.max_order.v,ari,0.5198411301911142
RulePredAtClauseBeginning.max_order.v,atl,0.3546424333420818
RulePredAtClauseBeginning.max_order.v,fkgl,0.4796302239114078
RulePredAtClauseBeginning.max_order.v,fre,0.28068247896048043
RulePredAtClauseBeginning.max_order.v,gf,0.5080722540998968
RulePredAtClauseBeginning.max_order.v,mamr,0.3997906529202039
RulePredAtClauseBeginning.max_order.v,smog,0.48717583667310105
RulePredAtClauseBeginning.max_order.v,verb_dist,0.3551077073010287
RulePredObjDistance,RuleCaseRepetition,0.5039777215661125
RulePredObjDistance,RuleInfVerbDistance,0.3020335694149108
RulePredObjDistance,RuleLongSentences.max_length,0.4203954545102089
RulePredObjDistance,RulePredAtClauseBeginning.max_order.v,0.25066636679546545
RulePredObjDistance,RulePredSubjDistance.max_distance.v,0.2508054485251094
RulePredObjDistance,RuleTooFewVerbs,0.4835851723712743
RulePredObjDistance,RuleTooManyNegations,0.4757085222705873
RulePredObjDistance,RuleTooManyNegations.max_allowable_negations,0.3402650310212508
RulePredObjDistance,ari,0.48519095848290444
RulePredObjDistance,fkgl,0.5181808257199463
RulePredObjDistance,fre,0.47087357046977235
RulePredObjDistance,gf,0.4769281766788514
RulePredObjDistance,smog,0.46724285523557607
RulePredObjDistance.max_distance,RuleCaseRepetition,0.25262588936456754
RulePredObjDistance.max_distance,RuleLongSentences.max_length,0.33999190553110425
RulePredObjDistance.max_distance,RuleLongSentences.max_length.v,0.35557722755388627
RulePredObjDistance.max_distance,RuleMultiPartVerbs.max_distance,0.4183842428639446
RulePredObjDistance.max_distance,RulePredAtClauseBeginning,0.31416774930536756
RulePredObjDistance.max_distance,RulePredAtClauseBeginning.max_order,0.32359970200700955
RulePredObjDistance.max_distance,RulePredAtClauseBeginning.max_order.v,0.40401486496758354
RulePredObjDistance.max_distance,RulePredObjDistance.max_distance.v,0.3708980772097918
RulePredObjDistance.max_distance,RulePredSubjDistance.max_distance,0.41937108338963375
RulePredObjDistance.max_distance,RuleTooFewVerbs.min_verb_frac,0.2902364866746305
RulePredObjDistance.max_distance,RuleTooManyNominalConstructions,0.351846889736014
RulePredObjDistance.max_distance,RuleTooManyNominalConstructions.max_allowable_nouns,0.3530909905936733
RulePredObjDistance.max_distance,RuleTooManyNominalConstructions.max_allowable_nouns.v,0.2601528427933151
RulePredObjDistance.max_distance,activity,0.27607052013952227
RulePredObjDistance.max_distance,ari,0.2775283377659415
RulePredObjDistance.max_distance,atl,0.2571636266632929
RulePredObjDistance.max_distance,gf,0.2735486986016739
RulePredObjDistance.max_distance,mamr,0.2557954216785395
RulePredObjDistance.max_distance,smog,0.2516097684708885
RulePredObjDistance.max_distance,verb_dist,0.37645374469197906
RulePredObjDistance.max_distance.v,RuleCaseRepetition,0.38911084179551503
RulePredObjDistance.max_distance.v,RuleLongSentences.max_length,0.36696817845382346
RulePredObjDistance.max_distance.v,RuleLongSentences.max_length.v,0.35594527951555877
RulePredObjDistance.max_distance.v,RuleMultiPartVerbs.max_distance,0.36367731992142405
RulePredObjDistance.max_distance.v,RuleMultiPartVerbs.max_distance.v,0.387427389653191
RulePredObjDistance.max_distance.v,RulePredAtClauseBeginning,0.29288521912912496
RulePredObjDistance.max_distance.v,RulePredAtClauseBeginning.max_order.v,0.4063704257131096
RulePredObjDistance.max_distance.v,RulePredObjDistance.max_distance,0.3708980772097918
RulePredObjDistance.max_distance.v,RulePredSubjDistance.max_distance.v,0.443045840460001
RulePredObjDistance.max_distance.v,RuleTooFewVerbs.min_verb_frac,0.29641628801659986
RulePredObjDistance.max_distance.v,RuleTooManyNegations.max_allowable_negations,0.25477468125228603
RulePredObjDistance.max_distance.v,RuleTooManyNominalConstructions,0.2980345408995987
RulePredObjDistance.max_distance.v,RuleTooManyNominalConstructions.max_allowable_nouns,0.2863862285085342
RulePredObjDistance.max_distance.v,activity,0.276757598071371
RulePredObjDistance.max_distance.v,ari,0.38856682396965825
RulePredObjDistance.max_distance.v,char_count,0.30583337045183606
RulePredObjDistance.max_distance.v,entropy,0.2533308691747831
RulePredObjDistance.max_distance.v,fkgl,0.3746512419436524
RulePredObjDistance.max_distance.v,fre,0.2702894747264646
RulePredObjDistance.max_distance.v,gf,0.40137598492641985
RulePredObjDistance.max_distance.v,hpoint,0.3032146702380116
RulePredObjDistance.max_distance.v,mamr,0.2732350058020467
RulePredObjDistance.max_distance.v,smog,0.4056730166240042
RulePredObjDistance.max_distance.v,syllab_count,0.29356133902736187
RulePredObjDistance.max_distance.v,word_count,0.32664660769154613
RulePredSubjDistance,RuleCaseRepetition,0.4198139230231725
RulePredSubjDistance,RuleCaseRepetition.max_repetition_frac,0.2689678087878234
RulePredSubjDistance,RuleCaseRepetition.max_repetition_frac.v,0.2575651351971963
RulePredSubjDistance,RuleGPwordorder,0.34442367349609493
RulePredSubjDistance,RuleInfVerbDistance,0.32768753396657185
RulePredSubjDistance,RuleLongSentences.max_length,0.5467734332513703
RulePredSubjDistance,RuleLongSentences.max_length.v,0.29622245594136076
RulePredSubjDistance,RuleMultiPartVerbs,0.5067519474440468
RulePredSubjDistance,RulePredAtClauseBeginning,0.6533256207990992
RulePredSubjDistance,RulePredAtClauseBeginning.max_order,0.46756308607170344
RulePredSubjDistance,RulePredAtClauseBeginning.max_order.v,0.3596715692564739
RulePredSubjDistance,RulePredSubjDistance.max_distance.v,0.2901204307804455
RulePredSubjDistance,RuleTooFewVerbs,0.27738624097154296
RulePredSubjDistance,RuleTooFewVerbs.min_verb_frac,0.543315825561736
RulePredSubjDistance,RuleTooFewVerbs.min_verb_frac.v,0.4328487881023073
RulePredSubjDistance,RuleTooManyNegations,0.25336696457178864
RulePredSubjDistance,RuleTooManyNominalConstructions,0.7676434988706036
RulePredSubjDistance,RuleTooManyNominalConstructions.max_allowable_nouns,0.6190444811383051
RulePredSubjDistance,RuleTooManyNominalConstructions.max_allowable_nouns.v,0.405620946405105
RulePredSubjDistance,activity,0.5066546346812728
RulePredSubjDistance,ari,0.4831443556494269
RulePredSubjDistance,atl,0.42289478312288115
RulePredSubjDistance,cli,0.3180895965290895
RulePredSubjDistance,fkgl,0.3999385844193288
RulePredSubjDistance,gf,0.468561178160974
RulePredSubjDistance,maentropy,0.28557715660105076
RulePredSubjDistance,mamr,0.6353487523145612
RulePredSubjDistance,mattr,0.27068940420485577
RulePredSubjDistance,sent_count,0.3391411675507663
RulePredSubjDistance,smog,0.4473114876239332
RulePredSubjDistance,verb_dist,0.5386643252155688
RulePredSubjDistance.max_distance,RuleCaseRepetition,0.31033542296896904
RulePredSubjDistance.max_distance,RuleFunctionWordRepetition,0.40161030523635366
RulePredSubjDistance.max_distance,RuleLongSentences.max_length,0.44264491212627566
RulePredSubjDistance.max_distance,RuleLongSentences.max_length.v,0.29629926608849266
RulePredSubjDistance.max_distance,RuleMultiPartVerbs,0.2618942828295356
RulePredSubjDistance.max_distance,RulePredAtClauseBeginning,0.3548976029982041
RulePredSubjDistance.max_distance,RulePredAtClauseBeginning.max_order,0.5436568822114284
RulePredSubjDistance.max_distance,RulePredAtClauseBeginning.max_order.v,0.2692577652944769
RulePredSubjDistance.max_distance,RulePredObjDistance.max_distance,0.41937108338963375
RulePredSubjDistance.max_distance,RulePredSubjDistance.max_distance.v,0.3296507286942725
RulePredSubjDistance.max_distance,RuleTooFewVerbs.min_verb_frac,0.31986448611782753
RulePredSubjDistance.max_distance,RuleTooManyNominalConstructions,0.38388637828657274
RulePredSubjDistance.max_distance,RuleTooManyNominalConstructions.max_allowable_nouns,0.356665451613018
RulePredSubjDistance.max_distance,activity,0.30001815468606635
RulePredSubjDistance.max_distance,ari,0.34995109341684433
RulePredSubjDistance.max_distance,atl,0.25146594636751246
RulePredSubjDistance.max_distance,fkgl,0.3168935382758067
RulePredSubjDistance.max_distance,gf,0.3418470375567282
RulePredSubjDistance.max_distance,maentropy.v,0.44187351791321716
RulePredSubjDistance.max_distance,mamr,0.26465398924547207
RulePredSubjDistance.max_distance,mattr.v,0.30668635428641916
RulePredSubjDistance.max_distance,smog,0.3218644687579828
RulePredSubjDistance.max_distance,verb_dist,0.448770947751734
RulePredSubjDistance.max_distance.v,RuleCaseRepetition,0.5026992851080825
RulePredSubjDistance.max_distance.v,RuleLongSentences.max_length,0.5178863555926779
RulePredSubjDistance.max_distance.v,RuleLongSentences.max_length.v,0.32852546467857735
RulePredSubjDistance.max_distance.v,RuleMultiPartVerbs,0.3508211623103499
RulePredSubjDistance.max_distance.v,RuleMultiPartVerbs.max_distance,0.3409585420606322
RulePredSubjDistance.max_distance.v,RuleMultiPartVerbs.max_distance.v,0.3788201921614794
RulePredSubjDistance.max_distance.v,RulePredAtClauseBeginning,0.41688074749217047
RulePredSubjDistance.max_distance.v,RulePredAtClauseBeginning.max_order,0.4498588324696598
RulePredSubjDistance.max_distance.v,RulePredAtClauseBeginning.max_order.v,0.591932152456349
RulePredSubjDistance.max_distance.v,RulePredObjDistance,0.2508054485251094
RulePredSubjDistance.max_distance.v,RulePredObjDistance.max_distance.v,0.443045840460001
RulePredSubjDistance.max_distance.v,RulePredSubjDistance,0.2901204307804455
RulePredSubjDistance.max_distance.v,RulePredSubjDistance.max_distance,0.3296507286942725
RulePredSubjDistance.max_distance.v,RuleTooFewVerbs.min_verb_frac,0.4309327021198272
RulePredSubjDistance.max_distance.v,RuleTooManyNegations,0.39100863028941346
RulePredSubjDistance.max_distance.v,RuleTooManyNegations.max_allowable_negations,0.2808150885921604
RulePredSubjDistance.max_distance.v,RuleTooManyNominalConstructions,0.44214513611849676
RulePredSubjDistance.max_distance.v,RuleTooManyNominalConstructions.max_allowable_nouns,0.4202100419583487
RulePredSubjDistance.max_distance.v,RuleTooManyNominalConstructions.max_allowable_nouns.v,0.3435847831751515
RulePredSubjDistance.max_distance.v,activity,0.3807335221910336
RulePredSubjDistance.max_distance.v,ari,0.501521384741381
RulePredSubjDistance.max_distance.v,atl,0.3699739061235588
RulePredSubjDistance.max_distance.v,cli,0.2526090243077634
RulePredSubjDistance.max_distance.v,fkgl,0.4631359648406326
RulePredSubjDistance.max_distance.v,fre,0.26205109781512714
RulePredSubjDistance.max_distance.v,gf,0.505113648444252
RulePredSubjDistance.max_distance.v,mamr,0.40972216918962095
RulePredSubjDistance.max_distance.v,smog,0.4970510256316154
RulePredSubjDistance.max_distance.v,verb_dist,0.3774261832525934
RuleTooFewVerbs,RuleCaseRepetition,0.3035368108792556
RuleTooFewVerbs,RuleLongSentences.max_length.v,0.29440249750451863
RuleTooFewVerbs,RulePredObjDistance,0.4835851723712743
RuleTooFewVerbs,RulePredSubjDistance,0.27738624097154296
RuleTooFewVerbs,RuleTooManyNegations,0.3310554935252484
RuleTooFewVerbs,ari,0.2560347039472257
RuleTooFewVerbs,fkgl,0.31876701135111973
RuleTooFewVerbs,fre,0.3705635992517084
RuleTooFewVerbs,gf,0.25441079311771814
RuleTooFewVerbs,smog,0.2636333249738669
RuleTooFewVerbs.min_verb_frac,RuleCaseRepetition,0.7657798009706952
RuleTooFewVerbs.min_verb_frac,RuleCaseRepetition.max_repetition_frac,0.36337366050644804
RuleTooFewVerbs.min_verb_frac,RuleCaseRepetition.max_repetition_frac.v,0.35305294510003304
RuleTooFewVerbs.min_verb_frac,RuleGPwordorder,0.36061380798181847
RuleTooFewVerbs.min_verb_frac,RuleInfVerbDistance,0.636575830076342
RuleTooFewVerbs.min_verb_frac,RuleLiteraryStyle,0.25174401026314647
RuleTooFewVerbs.min_verb_frac,RuleLongSentences.max_length,0.7815681199953958
RuleTooFewVerbs.min_verb_frac,RuleMultiPartVerbs,0.6293519222883811
RuleTooFewVerbs.min_verb_frac,RuleMultiPartVerbs.max_distance.v,0.34451426968402876
RuleTooFewVerbs.min_verb_frac,RulePassive,0.4209709823881912
RuleTooFewVerbs.min_verb_frac,RulePredAtClauseBeginning,0.8673175128060795
RuleTooFewVerbs.min_verb_frac,RulePredAtClauseBeginning.max_order,0.6207255701711814
RuleTooFewVerbs.min_verb_frac,RulePredAtClauseBeginning.max_order.v,0.41922745254926164
RuleTooFewVerbs.min_verb_frac,RulePredObjDistance.max_distance,0.2902364866746305
RuleTooFewVerbs.min_verb_frac,RulePredObjDistance.max_distance.v,0.29641628801659986
RuleTooFewVerbs.min_verb_frac,RulePredSubjDistance,0.543315825561736
RuleTooFewVerbs.min_verb_frac,RulePredSubjDistance.max_distance,0.31986448611782753
RuleTooFewVerbs.min_verb_frac,RulePredSubjDistance.max_distance.v,0.4309327021198272
RuleTooFewVerbs.min_verb_frac,RuleTooManyNegations,0.47934665749267946
RuleTooFewVerbs.min_verb_frac,RuleTooManyNegations.max_allowable_negations,0.29172061096644875
RuleTooFewVerbs.min_verb_frac,RuleTooManyNegations.max_negation_frac,0.2585331800821228
RuleTooFewVerbs.min_verb_frac,RuleTooManyNominalConstructions,0.8561817947617648
RuleTooFewVerbs.min_verb_frac,RuleTooManyNominalConstructions.max_allowable_nouns,0.8105898437816165
RuleTooFewVerbs.min_verb_frac,RuleTooManyNominalConstructions.max_allowable_nouns.v,0.3196194562409374
RuleTooFewVerbs.min_verb_frac,RuleTooManyNominalConstructions.max_noun_frac.v,0.2883517007095336
RuleTooFewVerbs.min_verb_frac,activity,0.88301388098131
RuleTooFewVerbs.min_verb_frac,ari,0.7656976607169614
RuleTooFewVerbs.min_verb_frac,atl,0.5453699490658503
RuleTooFewVerbs.min_verb_frac,cli,0.3399499469855274
RuleTooFewVerbs.min_verb_frac,fkgl,0.6970447441882189
RuleTooFewVerbs.min_verb_frac,fre,0.38418664111516754
RuleTooFewVerbs.min_verb_frac,gf,0.7643622681863177
RuleTooFewVerbs.min_verb_frac,maentropy,0.3171584228897147
RuleTooFewVerbs.min_verb_frac,mamr,0.701464430730301
RuleTooFewVerbs.min_verb_frac,mattr,0.28823749789771663
RuleTooFewVerbs.min_verb_frac,sent_count,0.3688720961002266
RuleTooFewVerbs.min_verb_frac,smog,0.7643181888358795
RuleTooFewVerbs.min_verb_frac,verb_dist,0.7475901119683085
RuleTooFewVerbs.min_verb_frac.v,RuleInfVerbDistance,0.3386156363494517
RuleTooFewVerbs.min_verb_frac.v,RuleLongSentences.max_length,0.26951093985162666
RuleTooFewVerbs.min_verb_frac.v,RuleMultiPartVerbs,0.34899902350709355
RuleTooFewVerbs.min_verb_frac.v,RulePredAtClauseBeginning,0.4326008932955951
RuleTooFewVerbs.min_verb_frac.v,RulePredAtClauseBeginning.max_order,0.26614578972333913
RuleTooFewVerbs.min_verb_frac.v,RulePredSubjDistance,0.4328487881023073
RuleTooFewVerbs.min_verb_frac.v,RuleTooManyNominalConstructions,0.4741384672319403
RuleTooFewVerbs.min_verb_frac.v,RuleTooManyNominalConstructions.max_allowable_nouns,0.4526176059171624
RuleTooFewVerbs.min_verb_frac.v,RuleTooManyNominalConstructions.max_allowable_nouns.v,0.3560720430700237
RuleTooFewVerbs.min_verb_frac.v,activity,0.34699576445427377
RuleTooFewVerbs.min_verb_frac.v,atl,0.2593538246329879
RuleTooFewVerbs.min_verb_frac.v,mamr,0.4247154504043125
RuleTooFewVerbs.min_verb_frac.v,verb_dist,0.4175438622919993
RuleTooManyNegations,RuleCaseRepetition,0.6845092798809165
RuleTooManyNegations,RuleGPwordorder,0.3176313113546979
RuleTooManyNegations,RuleLiteraryStyle,0.3652957168728727
RuleTooManyNegations,RuleLongSentences.max_length,0.6543609748922009
RuleTooManyNegations,RuleMultiPartVerbs,0.29350756243076503
RuleTooManyNegations,RuleMultiPartVerbs.max_distance.v,0.2900589049040838
RuleTooManyNegations,RulePassive,0.34247385813480996
RuleTooManyNegations,RulePredAtClauseBeginning,0.32151587706116597
RuleTooManyNegations,RulePredAtClauseBeginning.max_order,0.36453941829262054
RuleTooManyNegations,RulePredAtClauseBeginning.max_order.v,0.3467827817527378
RuleTooManyNegations,RulePredObjDistance,0.4757085222705873
RuleTooManyNegations,RulePredSubjDistance,0.25336696457178864
RuleTooManyNegations,RulePredSubjDistance.max_distance.v,0.39100863028941346
RuleTooManyNegations,RuleTooFewVerbs,0.3310554935252484
RuleTooManyNegations,RuleTooFewVerbs.min_verb_frac,0.47934665749267946
RuleTooManyNegations,RuleTooManyNegations.max_allowable_negations,0.5066220612015057
RuleTooManyNegations,RuleTooManyNegations.max_allowable_negations.v,0.38187206328062323
RuleTooManyNegations,RuleTooManyNominalConstructions,0.3891403934694396
RuleTooManyNegations,RuleTooManyNominalConstructions.max_allowable_nouns,0.29178294493579954
RuleTooManyNegations,RuleTooManyNominalConstructions.max_allowable_nouns.v,0.28219109680613497
RuleTooManyNegations,activity,0.39500664482242953
RuleTooManyNegations,ari,0.6714793630652877
RuleTooManyNegations,atl,0.45701080838799873
RuleTooManyNegations,cli,0.2925856946650041
RuleTooManyNegations,fkgl,0.6516992996087358
RuleTooManyNegations,fre,0.4354767025396856
RuleTooManyNegations,gf,0.6758541965770185
RuleTooManyNegations,maentropy,0.28841013401332605
RuleTooManyNegations,mamr,0.373034967139107
RuleTooManyNegations,mattr,0.269566238613832
RuleTooManyNegations,smog,0.6768749869536218
RuleTooManyNegations,verb_dist,0.29599524411133593
RuleTooManyNegations.max_allowable_negations,RuleCaseRepetition,0.43052988133406356
RuleTooManyNegations.max_allowable_negations,RuleLongSentences.max_length,0.3929959197775489
RuleTooManyNegations.max_allowable_negations,RulePredAtClauseBeginning.max_order.v,0.26638321383634567
RuleTooManyNegations.max_allowable_negations,RulePredObjDistance,0.3402650310212508
RuleTooManyNegations.max_allowable_negations,RulePredObjDistance.max_distance.v,0.25477468125228603
RuleTooManyNegations.max_allowable_negations,RulePredSubjDistance.max_distance.v,0.2808150885921604
RuleTooManyNegations.max_allowable_negations,RuleTooFewVerbs.min_verb_frac,0.29172061096644875
RuleTooManyNegations.max_allowable_negations,RuleTooManyNegations,0.5066220612015057
RuleTooManyNegations.max_allowable_negations,RuleTooManyNegations.max_allowable_negations.v,0.7162665984384597
RuleTooManyNegations.max_allowable_negations,ari,0.4260820825820081
RuleTooManyNegations.max_allowable_negations,atl,0.25361274173988224
RuleTooManyNegations.max_allowable_negations,char_count,0.2516073573609372
RuleTooManyNegations.max_allowable_negations,entropy,0.29001697491303075
RuleTooManyNegations.max_allowable_negations,fkgl,0.4189001053840578
RuleTooManyNegations.max_allowable_negations,fre,0.3010692554939999
RuleTooManyNegations.max_allowable_negations,gf,0.44187641729565724
RuleTooManyNegations.max_allowable_negations,hpoint,0.2714049230425951
RuleTooManyNegations.max_allowable_negations,mamr,0.2966100187387875
RuleTooManyNegations.max_allowable_negations,smog,0.4544412633742223
RuleTooManyNegations.max_allowable_negations,word_count,0.2824135714836136
RuleTooManyNegations.max_allowable_negations.v,RuleTooManyNegations,0.38187206328062323
RuleTooManyNegations.max_allowable_negations.v,RuleTooManyNegations.max_allowable_negations,0.7162665984384597
RuleTooManyNegations.max_allowable_negations.v,char_count,0.32638627461473624
RuleTooManyNegations.max_allowable_negations.v,entropy,0.3797086487036463
RuleTooManyNegations.max_allowable_negations.v,hpoint,0.35724676763374674
RuleTooManyNegations.max_allowable_negations.v,num_hapax,0.2984230821387747
RuleTooManyNegations.max_allowable_negations.v,smog,0.25052212821519143
RuleTooManyNegations.max_allowable_negations.v,syllab_count,0.3214876217190086
RuleTooManyNegations.max_allowable_negations.v,ttr,0.33027959685556085
RuleTooManyNegations.max_allowable_negations.v,word_count,0.338206515892792
RuleTooManyNegations.max_negation_frac,RuleCaseRepetition,0.3911619379229174
RuleTooManyNegations.max_negation_frac,RuleCaseRepetition.max_repetition_frac,0.28567944460855094
RuleTooManyNegations.max_negation_frac,RuleCaseRepetition.max_repetition_frac.v,0.292731342235898
RuleTooManyNegations.max_negation_frac,RuleLongSentences.max_length,0.3529867203876396
RuleTooManyNegations.max_negation_frac,RulePassive,0.30057117857163246
RuleTooManyNegations.max_negation_frac,RuleTooFewVerbs.min_verb_frac,0.2585331800821228
RuleTooManyNegations.max_negation_frac,activity,0.3036221512948097
RuleTooManyNegations.max_negation_frac,ari,0.4208098178995091
RuleTooManyNegations.max_negation_frac,fkgl,0.44818568920240365
RuleTooManyNegations.max_negation_frac,fre,0.4451598486939009
RuleTooManyNegations.max_negation_frac,gf,0.38911217867544545
RuleTooManyNegations.max_negation_frac,smog,0.3941306972266431
RuleTooManyNominalConstructions,RuleCaseRepetition,0.6470218700356106
RuleTooManyNominalConstructions,RuleCaseRepetition.max_repetition_frac,0.34334158988731134
RuleTooManyNominalConstructions,RuleCaseRepetition.max_repetition_frac.v,0.32356023312508203
RuleTooManyNominalConstructions,RuleGPwordorder,0.3665237208338095
RuleTooManyNominalConstructions,RuleInfVerbDistance,0.5714485722717586
RuleTooManyNominalConstructions,RuleLongSentences.max_length,0.7476964410377972
RuleTooManyNominalConstructions,RuleLongSentences.max_length.v,0.3188858385004579
RuleTooManyNominalConstructions,RuleMultiPartVerbs,0.7052334305041856
RuleTooManyNominalConstructions,RuleMultiPartVerbs.max_distance,0.25210985025881416
RuleTooManyNominalConstructions,RuleMultiPartVerbs.max_distance.v,0.3075317059630679
RuleTooManyNominalConstructions,RulePassive,0.26015554606423313
RuleTooManyNominalConstructions,RulePredAtClauseBeginning,0.9343860066178241
RuleTooManyNominalConstructions,RulePredAtClauseBeginning.max_order,0.6398423033742219
RuleTooManyNominalConstructions,RulePredAtClauseBeginning.max_order.v,0.43819067871052303
RuleTooManyNominalConstructions,RulePredObjDistance.max_distance,0.351846889736014
RuleTooManyNominalConstructions,RulePredObjDistance.max_distance.v,0.2980345408995987
RuleTooManyNominalConstructions,RulePredSubjDistance,0.7676434988706036
RuleTooManyNominalConstructions,RulePredSubjDistance.max_distance,0.38388637828657274
RuleTooManyNominalConstructions,RulePredSubjDistance.max_distance.v,0.44214513611849676
RuleTooManyNominalConstructions,RuleTooFewVerbs.min_verb_frac,0.8561817947617648
RuleTooManyNominalConstructions,RuleTooFewVerbs.min_verb_frac.v,0.4741384672319403
RuleTooManyNominalConstructions,RuleTooManyNegations,0.3891403934694396
RuleTooManyNominalConstructions,RuleTooManyNominalConstructions.max_allowable_nouns,0.8724612973801302
RuleTooManyNominalConstructions,RuleTooManyNominalConstructions.max_allowable_nouns.v,0.44581627603267715
RuleTooManyNominalConstructions,RuleTooManyNominalConstructions.max_noun_frac.v,0.2536221457767851
RuleTooManyNominalConstructions,activity,0.8151666135989293
RuleTooManyNominalConstructions,ari,0.6769413873560118
RuleTooManyNominalConstructions,atl,0.5835076025467527
RuleTooManyNominalConstructions,cli,0.4155131662593988
RuleTooManyNominalConstructions,fkgl,0.5753841070709882
RuleTooManyNominalConstructions,gf,0.670999056811413
RuleTooManyNominalConstructions,maentropy,0.3046473467511277
RuleTooManyNominalConstructions,mamr,0.7830303581331639
RuleTooManyNominalConstructions,mattr,0.2978644398414401
RuleTooManyNominalConstructions,sent_count,0.39510131944654775
RuleTooManyNominalConstructions,smog,0.6586557104957373
RuleTooManyNominalConstructions,verb_dist,0.7888643636142306
RuleTooManyNominalConstructions.max_allowable_nouns,RuleCaseRepetition,0.6527377432693302
RuleTooManyNominalConstructions.max_allowable_nouns,RuleCaseRepetition.max_repetition_frac,0.37574218097404183
RuleTooManyNominalConstructions.max_allowable_nouns,RuleCaseRepetition.max_repetition_frac.v,0.35831273622950355
RuleTooManyNominalConstructions.max_allowable_nouns,RuleGPwordorder,0.26643383732209225
RuleTooManyNominalConstructions.max_allowable_nouns,RuleInfVerbDistance,0.4845073637767713
RuleTooManyNominalConstructions.max_allowable_nouns,RuleLongSentences.max_length,0.6889034442123106
RuleTooManyNominalConstructions.max_allowable_nouns,RuleMultiPartVerbs,0.6618259027702171
RuleTooManyNominalConstructions.max_allowable_nouns,RuleMultiPartVerbs.max_distance.v,0.27995433462517366
RuleTooManyNominalConstructions.max_allowable_nouns,RulePredAtClauseBeginning,0.8858427211113593
RuleTooManyNominalConstructions.max_allowable_nouns,RulePredAtClauseBeginning.max_order,0.64198885343714
RuleTooManyNominalConstructions.max_allowable_nouns,RulePredAtClauseBeginning.max_order.v,0.40143288399106125
RuleTooManyNominalConstructions.max_allowable_nouns,RulePredObjDistance.max_distance,0.3530909905936733
RuleTooManyNominalConstructions.max_allowable_nouns,RulePredObjDistance.max_distance.v,0.2863862285085342
RuleTooManyNominalConstructions.max_allowable_nouns,RulePredSubjDistance,0.6190444811383051
RuleTooManyNominalConstructions.max_allowable_nouns,RulePredSubjDistance.max_distance,0.356665451613018
RuleTooManyNominalConstructions.max_allowable_nouns,RulePredSubjDistance.max_distance.v,0.4202100419583487
RuleTooManyNominalConstructions.max_allowable_nouns,RuleTooFewVerbs.min_verb_frac,0.8105898437816165
RuleTooManyNominalConstructions.max_allowable_nouns,RuleTooFewVerbs.min_verb_frac.v,0.4526176059171624
RuleTooManyNominalConstructions.max_allowable_nouns,RuleTooManyNegations,0.29178294493579954
RuleTooManyNominalConstructions.max_allowable_nouns,RuleTooManyNominalConstructions,0.8724612973801302
RuleTooManyNominalConstructions.max_allowable_nouns,RuleTooManyNominalConstructions.max_allowable_nouns.v,0.4570302360516648
RuleTooManyNominalConstructions.max_allowable_nouns,RuleTooManyNominalConstructions.max_noun_frac.v,0.3442084634755614
RuleTooManyNominalConstructions.max_allowable_nouns,activity,0.7582154244622262
RuleTooManyNominalConstructions.max_allowable_nouns,ari,0.6479949219977118
RuleTooManyNominalConstructions.max_allowable_nouns,atl,0.4700095649756107
RuleTooManyNominalConstructions.max_allowable_nouns,cli,0.30482297037951095
RuleTooManyNominalConstructions.max_allowable_nouns,fkgl,0.5790367224072667
RuleTooManyNominalConstructions.max_allowable_nouns,fre,0.2976945118552233
RuleTooManyNominalConstructions.max_allowable_nouns,gf,0.6406772684725875
RuleTooManyNominalConstructions.max_allowable_nouns,maentropy,0.2509803046725087
RuleTooManyNominalConstructions.max_allowable_nouns,mamr,0.680592828904517
RuleTooManyNominalConstructions.max_allowable_nouns,sent_count,0.34010562428606717
RuleTooManyNominalConstructions.max_allowable_nouns,smog,0.6253084612100259
RuleTooManyNominalConstructions.max_allowable_nouns,verb_dist,0.7980997911058767
RuleTooManyNominalConstructions.max_allowable_nouns.v,RuleCaseRepetition,0.36692335689102956
RuleTooManyNominalConstructions.max_allowable_nouns.v,RuleDoubleAdpos.max_allowable_distance,0.2801604118553075
RuleTooManyNominalConstructions.max_allowable_nouns.v,RuleLongSentences.max_length,0.42750865403760496
RuleTooManyNominalConstructions.max_allowable_nouns.v,RuleLongSentences.max_length.v,0.3151354303498919
RuleTooManyNominalConstructions.max_allowable_nouns.v,RuleMultiPartVerbs,0.27134438913632025
RuleTooManyNominalConstructions.max_allowable_nouns.v,RuleMultiPartVerbs.max_distance,0.36348229626870693
RuleTooManyNominalConstructions.max_allowable_nouns.v,RulePredAtClauseBeginning,0.4021714839810248
RuleTooManyNominalConstructions.max_allowable_nouns.v,RulePredAtClauseBeginning.max_order,0.30846238271376947
RuleTooManyNominalConstructions.max_allowable_nouns.v,RulePredAtClauseBeginning.max_order.v,0.41429867455962843
RuleTooManyNominalConstructions.max_allowable_nouns.v,RulePredObjDistance.max_distance,0.2601528427933151
RuleTooManyNominalConstructions.max_allowable_nouns.v,RulePredSubjDistance,0.405620946405105
RuleTooManyNominalConstructions.max_allowable_nouns.v,RulePredSubjDistance.max_distance.v,0.3435847831751515
RuleTooManyNominalConstructions.max_allowable_nouns.v,RuleTooFewVerbs.min_verb_frac,0.3196194562409374
RuleTooManyNominalConstructions.max_allowable_nouns.v,RuleTooFewVerbs.min_verb_frac.v,0.3560720430700237
RuleTooManyNominalConstructions.max_allowable_nouns.v,RuleTooManyNegations,0.28219109680613497
RuleTooManyNominalConstructions.max_allowable_nouns.v,RuleTooManyNominalConstructions,0.44581627603267715
RuleTooManyNominalConstructions.max_allowable_nouns.v,RuleTooManyNominalConstructions.max_allowable_nouns,0.4570302360516648
RuleTooManyNominalConstructions.max_allowable_nouns.v,activity,0.340347103082058
RuleTooManyNominalConstructions.max_allowable_nouns.v,ari,0.39557291009511086
RuleTooManyNominalConstructions.max_allowable_nouns.v,atl,0.3549300577201842
RuleTooManyNominalConstructions.max_allowable_nouns.v,cli,0.26000956763043975
RuleTooManyNominalConstructions.max_allowable_nouns.v,fkgl,0.347688580026643
RuleTooManyNominalConstructions.max_allowable_nouns.v,gf,0.3756390795588398
RuleTooManyNominalConstructions.max_allowable_nouns.v,mamr,0.4548178211957515
RuleTooManyNominalConstructions.max_allowable_nouns.v,smog,0.3514756975087392
RuleTooManyNominalConstructions.max_allowable_nouns.v,verb_dist,0.3329998853461857
RuleTooManyNominalConstructions.max_noun_frac,RuleCaseRepetition.max_repetition_count.v,0.2830841686980425
RuleTooManyNominalConstructions.max_noun_frac,RuleVerbalNouns,0.3213598738245565
RuleTooManyNominalConstructions.max_noun_frac,atl,0.27402328383403907
RuleTooManyNominalConstructions.max_noun_frac,cli,0.26314802436507145
RuleTooManyNominalConstructions.max_noun_frac.v,RuleCaseRepetition,0.2533982253069615
RuleTooManyNominalConstructions.max_noun_frac.v,RulePredAtClauseBeginning,0.28290474528644266
RuleTooManyNominalConstructions.max_noun_frac.v,RuleTooFewVerbs.min_verb_frac,0.2883517007095336
RuleTooManyNominalConstructions.max_noun_frac.v,RuleTooManyNominalConstructions,0.2536221457767851
RuleTooManyNominalConstructions.max_noun_frac.v,RuleTooManyNominalConstructions.max_allowable_nouns,0.3442084634755614
RuleTooManyNominalConstructions.max_noun_frac.v,activity,0.2861526656581785
RuleVerbalNouns,RuleLongSentences.max_length,0.27110669866406123
RuleVerbalNouns,RuleTooManyNominalConstructions.max_noun_frac,0.3213598738245565
RuleVerbalNouns,atl,0.35907991628075836
RuleVerbalNouns,cli,0.3341914305170061
RuleWeakMeaningWords,RuleLongSentences.max_length,0.25062073748142316
RuleWeakMeaningWords,atl,0.32276514892424213
RuleWeakMeaningWords,cli,0.30185255439447556
RuleWeakMeaningWords,verb_dist,0.25379929224833164
activity,RuleCaseRepetition,0.6602890467945515
activity,RuleCaseRepetition.max_repetition_count,0.36353241974454564
activity,RuleCaseRepetition.max_repetition_frac,0.49238807525342265
activity,RuleCaseRepetition.max_repetition_frac.v,0.47798969357314025
activity,RuleGPwordorder,0.29265109653563043
activity,RuleInfVerbDistance,0.6595616196475854
activity,RuleLiteraryStyle,0.27626459723486657
activity,RuleLongSentences.max_length,0.6822309603248207
activity,RuleMultiPartVerbs,0.529472284877514
activity,RuleMultiPartVerbs.max_distance.v,0.30545332846037415
activity,RulePassive,0.4995586646303861
activity,RulePredAtClauseBeginning,0.869977807473684
activity,RulePredAtClauseBeginning.max_order,0.5594929771574718
activity,RulePredAtClauseBeginning.max_order.v,0.35458958689868036
activity,RulePredObjDistance.max_distance,0.27607052013952227
activity,RulePredObjDistance.max_distance.v,0.276757598071371
activity,RulePredSubjDistance,0.5066546346812728
activity,RulePredSubjDistance.max_distance,0.30001815468606635
activity,RulePredSubjDistance.max_distance.v,0.3807335221910336
activity,RuleTooFewVerbs.min_verb_frac,0.88301388098131
activity,RuleTooFewVerbs.min_verb_frac.v,0.34699576445427377
activity,RuleTooManyNegations,0.39500664482242953
activity,RuleTooManyNegations.max_negation_frac,0.3036221512948097
activity,RuleTooManyNominalConstructions,0.8151666135989293
activity,RuleTooManyNominalConstructions.max_allowable_nouns,0.7582154244622262
activity,RuleTooManyNominalConstructions.max_allowable_nouns.v,0.340347103082058
activity,RuleTooManyNominalConstructions.max_noun_frac.v,0.2861526656581785
activity,ari,0.6915670454930721
activity,atl,0.4016666688101787
activity,fkgl,0.6385980925670636
activity,fre,0.39893466804869376
activity,gf,0.6917276377384813
activity,maentropy,0.2997377380034952
activity,mamr,0.6176803163467441
activity,mattr,0.284734261556002
activity,sent_count,0.3422509658734233
activity,smog,0.693644351688198
activity,verb_dist,0.7633974031489136
ari,RuleCaseRepetition,0.9635971610267905
ari,RuleCaseRepetition.max_repetition_frac,0.3540000624971603
ari,RuleCaseRepetition.max_repetition_frac.v,0.3554820400648723
ari,RuleGPwordorder,0.31064359736499997
ari,RuleInfVerbDistance,0.2704533223869971
ari,RuleLiteraryStyle,0.37782616672920155
ari,RuleLongSentences.max_length,0.9434186059640246
ari,RuleMultiPartVerbs,0.49240889104944424
ari,RuleMultiPartVerbs.max_distance,0.264956019889927
ari,RuleMultiPartVerbs.max_distance.v,0.3974594585561874
ari,RulePassive,0.3856181429773338
ari,RulePredAtClauseBeginning,0.6637328521386725
ari,RulePredAtClauseBeginning.max_order,0.6184379354346915
ari,RulePredAtClauseBeginning.max_order.v,0.5198411301911142
ari,RulePredObjDistance,0.48519095848290444
ari,RulePredObjDistance.max_distance,0.2775283377659415
ari,RulePredObjDistance.max_distance.v,0.38856682396965825
ari,RulePredSubjDistance,0.4831443556494269
ari,RulePredSubjDistance.max_distance,0.34995109341684433
ari,RulePredSubjDistance.max_distance.v,0.501521384741381
ari,RuleTooFewVerbs,0.2560347039472257
ari,RuleTooFewVerbs.min_verb_frac,0.7656976607169614
ari,RuleTooManyNegations,0.6714793630652877
ari,RuleTooManyNegations.max_allowable_negations,0.4260820825820081
ari,RuleTooManyNegations.max_negation_frac,0.4208098178995091
ari,RuleTooManyNominalConstructions,0.6769413873560118
ari,RuleTooManyNominalConstructions.max_allowable_nouns,0.6479949219977118
ari,RuleTooManyNominalConstructions.max_allowable_nouns.v,0.39557291009511086
ari,activity,0.6915670454930721
ari,atl,0.4647389469242874
ari,fkgl,0.9834774798202588
ari,fre,0.7526481431475535
ari,gf,0.9773523228008318
ari,maentropy,0.28431278932209636
ari,mamr,0.6233563134532772
ari,mattr,0.26706859799583704
ari,sent_count,0.3143242623753583
ari,smog,0.9507657043180828
ari,verb_dist,0.5704086372787697
atl,RuleAbstractNouns,0.26932179889457974
atl,RuleCaseRepetition,0.5194473080428446
atl,RuleCaseRepetition.max_repetition_count,0.3408966849985939
atl,RuleCaseRepetition.max_repetition_count.v,0.26016399882066576
atl,RuleGPwordorder,0.2852069630477131
atl,RuleInfVerbDistance,0.3449036695945767
atl,RuleLongSentences.max_length,0.6477168724688969
atl,RuleMultiPartVerbs,0.4665204313747285
atl,RulePassive,0.25157508010222324
atl,RulePredAtClauseBeginning,0.4841605787692924
atl,RulePredAtClauseBeginning.max_order,0.4729389972657289
atl,RulePredAtClauseBeginning.max_order.v,0.3546424333420818
atl,RulePredObjDistance.max_distance,0.2571636266632929
atl,RulePredSubjDistance,0.42289478312288115
atl,RulePredSubjDistance.max_distance,0.25146594636751246
atl,RulePredSubjDistance.max_distance.v,0.3699739061235588
atl,RuleTooFewVerbs.min_verb_frac,0.5453699490658503
atl,RuleTooFewVerbs.min_verb_frac.v,0.2593538246329879
atl,RuleTooManyNegations,0.45701080838799873
atl,RuleTooManyNegations.max_allowable_negations,0.25361274173988224
atl,RuleTooManyNominalConstructions,0.5835076025467527
atl,RuleTooManyNominalConstructions.max_allowable_nouns,0.4700095649756107
atl,RuleTooManyNominalConstructions.max_allowable_nouns.v,0.3549300577201842
atl,RuleTooManyNominalConstructions.max_noun_frac,0.27402328383403907
atl,RuleVerbalNouns,0.35907991628075836
atl,RuleWeakMeaningWords,0.32276514892424213
atl,activity,0.4016666688101787
atl,ari,0.4647389469242874
atl,cli,0.9596085286597673
atl,fkgl,0.34705171415015934
atl,gf,0.46156046133596534
atl,mamr,0.5703751233218501
atl,sent_count,0.3015402087912593
atl,smog,0.3971110871030938
atl,verb_dist,0.5522566877914741
char_count,RuleDoubleAdpos.max_allowable_distance.v,0.4111959522034542
char_count,RuleInfVerbDistance.max_distance.v,0.3739792621166049
char_count,RuleMultiPartVerbs.max_distance.v,0.31322116493010266
char_count,RulePredObjDistance.max_distance.v,0.30583337045183606
char_count,RuleTooManyNegations.max_allowable_negations,0.2516073573609372
char_count,RuleTooManyNegations.max_allowable_negations.v,0.32638627461473624
char_count,entropy,0.7811606763775276
char_count,hpoint,0.9505662885715844
char_count,num_hapax,0.7097805490842549
char_count,sent_count,0.81950465760293
char_count,syllab_count,0.9986039386072203
char_count,ttr,0.7713944342240558
char_count,word_count,0.9948552994246342
cli,RuleAbstractNouns,0.2606191560207871
cli,RuleCaseRepetition,0.2874712689606623
cli,RuleCaseRepetition.max_repetition_count,0.42180217172070356
cli,RuleCaseRepetition.max_repetition_count.v,0.32733302773882683
cli,RuleInfVerbDistance,0.2740879139363752
cli,RuleLongSentences.max_length,0.44374355599528925
cli,RuleMultiPartVerbs,0.35354934524454495
cli,RulePredAtClauseBeginning,0.3106026916326274
cli,RulePredAtClauseBeginning.max_order,0.3476142774562331
cli,RulePredSubjDistance,0.3180895965290895
cli,RulePredSubjDistance.max_distance.v,0.2526090243077634
cli,RuleTooFewVerbs.min_verb_frac,0.3399499469855274
cli,RuleTooManyNegations,0.2925856946650041
cli,RuleTooManyNominalConstructions,0.4155131662593988
cli,RuleTooManyNominalConstructions.max_allowable_nouns,0.30482297037951095
cli,RuleTooManyNominalConstructions.max_allowable_nouns.v,0.26000956763043975
cli,RuleTooManyNominalConstructions.max_noun_frac,0.26314802436507145
cli,RuleVerbalNouns,0.3341914305170061
cli,RuleWeakMeaningWords,0.30185255439447556
cli,atl,0.9596085286597673
cli,fre,0.38983822372184657
cli,mamr,0.4285448175124115
cli,verb_dist,0.42676183624898084
entropy,RuleCaseRepetition.max_repetition_count.v,0.25506813165760645
entropy,RuleDoubleAdpos.max_allowable_distance.v,0.4698479075570401
entropy,RuleInfVerbDistance.max_distance.v,0.40700108514871647
entropy,RuleMultiPartVerbs.max_distance.v,0.30547887105324484
entropy,RulePredObjDistance.max_distance.v,0.2533308691747831
entropy,RuleTooManyNegations.max_allowable_negations,0.29001697491303075
entropy,RuleTooManyNegations.max_allowable_negations.v,0.3797086487036463
entropy,char_count,0.7811606763775276
entropy,fre,0.2836777850692216
entropy,hpoint,0.7614967102926985
entropy,maentropy,0.421329990586054
entropy,mattr,0.44589273219066566
entropy,num_hapax,0.5785113965202154
entropy,sent_count,0.6476881848449548
entropy,syllab_count,0.7771724365953944
entropy,ttr,0.6283720469136247
entropy,word_count,0.7743348532136828
fkgl,RuleCaseRepetition,0.9464259364508575
fkgl,RuleCaseRepetition.max_repetition_frac,0.3815506350604875
fkgl,RuleCaseRepetition.max_repetition_frac.v,0.3856813836575389
fkgl,RuleGPwordorder,0.2634115248260214
fkgl,RuleLiteraryStyle,0.37707692751409033
fkgl,RuleLongSentences.max_length,0.8906047546405713
fkgl,RuleMultiPartVerbs,0.4055987027393917
fkgl,RuleMultiPartVerbs.max_distance.v,0.37967397491199606
fkgl,RulePassive,0.3822589500409637
fkgl,RulePredAtClauseBeginning,0.5827510484416686
fkgl,RulePredAtClauseBeginning.max_order,0.5619714950934546
fkgl,RulePredAtClauseBeginning.max_order.v,0.4796302239114078
fkgl,RulePredObjDistance,0.5181808257199463
fkgl,RulePredObjDistance.max_distance.v,0.3746512419436524
fkgl,RulePredSubjDistance,0.3999385844193288
fkgl,RulePredSubjDistance.max_distance,0.3168935382758067
fkgl,RulePredSubjDistance.max_distance.v,0.4631359648406326
fkgl,RuleTooFewVerbs,0.31876701135111973
fkgl,RuleTooFewVerbs.min_verb_frac,0.6970447441882189
fkgl,RuleTooManyNegations,0.6516992996087358
fkgl,RuleTooManyNegations.max_allowable_negations,0.4189001053840578
fkgl,RuleTooManyNegations.max_negation_frac,0.44818568920240365
fkgl,RuleTooManyNominalConstructions,0.5753841070709882
fkgl,RuleTooManyNominalConstructions.max_allowable_nouns,0.5790367224072667
fkgl,RuleTooManyNominalConstructions.max_allowable_nouns.v,0.347688580026643
fkgl,activity,0.6385980925670636
fkgl,ari,0.9834774798202588
fkgl,atl,0.34705171415015934
fkgl,fre,0.8523254793455302
fkgl,gf,0.9669787750503471
fkgl,maentropy,0.2756857993179026
fkgl,mamr,0.5346475918415761
fkgl,mattr,0.25916989242753313
fkgl,sent_count,0.26758944099156895
fkgl,smog,0.9481068181642084
fkgl,verb_dist,0.48463231278120233
fre,RuleCaseRepetition,0.6975643703067386
fre,RuleCaseRepetition.max_repetition_count,0.3621214113884091
fre,RuleCaseRepetition.max_repetition_count.v,0.29707504128653006
fre,RuleCaseRepetition.max_repetition_frac,0.4353371144967146
fre,RuleCaseRepetition.max_repetition_frac.v,0.4424585649919756
fre,RuleLiteraryStyle,0.2985085453116476
fre,RuleLongSentences.max_length,0.5534420106194288
fre,RuleMultiPartVerbs.max_distance.v,0.25438562212572186
fre,RulePassive,0.271908147848816
fre,RulePredAtClauseBeginning,0.2806313340106074
fre,RulePredAtClauseBeginning.max_order,0.29673874130370775
fre,RulePredAtClauseBeginning.max_order.v,0.28068247896048043
fre,RulePredObjDistance,0.47087357046977235
fre,RulePredObjDistance.max_distance.v,0.2702894747264646
fre,RulePredSubjDistance.max_distance.v,0.26205109781512714
fre,RuleTooFewVerbs,0.3705635992517084
fre,RuleTooFewVerbs.min_verb_frac,0.38418664111516754
fre,RuleTooManyNegations,0.4354767025396856
fre,RuleTooManyNegations.max_allowable_negations,0.3010692554939999
fre,RuleTooManyNegations.max_negation_frac,0.4451598486939009
fre,RuleTooManyNominalConstructions.max_allowable_nouns,0.2976945118552233
fre,activity,0.39893466804869376
fre,ari,0.7526481431475535
fre,cli,0.38983822372184657
fre,entropy,0.2836777850692216
fre,fkgl,0.8523254793455302
fre,gf,0.7460779824267304
fre,smog,0.7605629689792762
gf,RuleCaseRepetition,0.9418372768991892
gf,RuleCaseRepetition.max_repetition_frac,0.3423231776107776
gf,RuleCaseRepetition.max_repetition_frac.v,0.34302291612784636
gf,RuleGPwordorder,0.28968575082435505
gf,RuleInfVerbDistance,0.2923529723000546
gf,RuleLiteraryStyle,0.3771309585590111
gf,RuleLongSentences.max_length,0.921700181227803
gf,RuleMultiPartVerbs,0.5045427933230247
gf,RuleMultiPartVerbs.max_distance,0.2536231846878655
gf,RuleMultiPartVerbs.max_distance.v,0.39762011538507974
gf,RulePassive,0.3886625844878828
gf,RulePredAtClauseBeginning,0.6598434291938985
gf,RulePredAtClauseBeginning.max_order,0.6104131893244312
gf,RulePredAtClauseBeginning.max_order.v,0.5080722540998968
gf,RulePredObjDistance,0.4769281766788514
gf,RulePredObjDistance.max_distance,0.2735486986016739
gf,RulePredObjDistance.max_distance.v,0.40137598492641985
gf,RulePredSubjDistance,0.468561178160974
gf,RulePredSubjDistance.max_distance,0.3418470375567282
gf,RulePredSubjDistance.max_distance.v,0.505113648444252
gf,RuleTooFewVerbs,0.25441079311771814
gf,RuleTooFewVerbs.min_verb_frac,0.7643622681863177
gf,RuleTooManyNegations,0.6758541965770185
gf,RuleTooManyNegations.max_allowable_negations,0.44187641729565724
gf,RuleTooManyNegations.max_negation_frac,0.38911217867544545
gf,RuleTooManyNominalConstructions,0.670999056811413
gf,RuleTooManyNominalConstructions.max_allowable_nouns,0.6406772684725875
gf,RuleTooManyNominalConstructions.max_allowable_nouns.v,0.3756390795588398
gf,activity,0.6917276377384813
gf,ari,0.9773523228008318
gf,atl,0.46156046133596534
gf,fkgl,0.9669787750503471
gf,fre,0.7460779824267304
gf,maentropy,0.26686547679644496
gf,mamr,0.6184966265618361
gf,sent_count,0.2928233288573964
gf,smog,0.987118064519622
gf,verb_dist,0.5689327120957121
hpoint,RuleDoubleAdpos.max_allowable_distance.v,0.4418605311407322
hpoint,RuleInfVerbDistance.max_distance.v,0.41388755980343855
hpoint,RuleMultiPartVerbs.max_distance.v,0.3432749869460913
hpoint,RulePredObjDistance.max_distance.v,0.3032146702380116
hpoint,RuleTooManyNegations.max_allowable_negations,0.2714049230425951
hpoint,RuleTooManyNegations.max_allowable_negations.v,0.35724676763374674
hpoint,char_count,0.9505662885715844
hpoint,entropy,0.7614967102926985
hpoint,num_hapax,0.8224359363578893
hpoint,sent_count,0.7811861677920119
hpoint,syllab_count,0.9481808820120347
hpoint,ttr,0.8848838216141047
hpoint,word_count,0.9569970876853405
maentropy,RulePredAtClauseBeginning,0.29788048384880217
maentropy,RulePredSubjDistance,0.28557715660105076
maentropy,RuleTooFewVerbs.min_verb_frac,0.3171584228897147
maentropy,RuleTooManyNegations,0.28841013401332605
maentropy,RuleTooManyNominalConstructions,0.3046473467511277
maentropy,RuleTooManyNominalConstructions.max_allowable_nouns,0.2509803046725087
maentropy,activity,0.2997377380034952
maentropy,ari,0.28431278932209636
maentropy,entropy,0.421329990586054
maentropy,fkgl,0.2756857993179026
maentropy,gf,0.26686547679644496
maentropy,maentropy.v,0.4512559086456269
maentropy,mamr,0.42797554478047817
maentropy,mattr,0.9644674054272782
maentropy,mattr.v,0.48872001632127404
maentropy,smog,0.2994936960569045
maentropy.v,RuleFunctionWordRepetition,0.5695654616269238
maentropy.v,RuleLongSentences.max_length.v,0.458286488600553
maentropy.v,RuleMultiPartVerbs.max_distance,0.32542836408747167
maentropy.v,RulePredSubjDistance.max_distance,0.44187351791321716
maentropy.v,maentropy,0.4512559086456269
maentropy.v,mattr,0.26683347063865803
maentropy.v,mattr.v,0.8537460287514839
mamr,RuleCaseRepetition,0.5983599086697847
mamr,RuleCaseRepetition.max_repetition_frac,0.26287489492604843
mamr,RuleCaseRepetition.max_repetition_frac.v,0.2617547296910302
mamr,RuleGPwordorder,0.2975644826852581
mamr,RuleInfVerbDistance,0.46967236356651804
mamr,RuleLongSentences.max_length,0.6919430899927766
mamr,RuleLongSentences.max_length.v,0.2813567657622892
mamr,RuleMultiPartVerbs,0.6146844000719458
mamr,RuleMultiPartVerbs.max_distance.v,0.2922169172432388
mamr,RulePredAtClauseBeginning,0.7349508105826631
mamr,RulePredAtClauseBeginning.max_order,0.48761595040075423
mamr,RulePredAtClauseBeginning.max_order.v,0.3997906529202039
mamr,RulePredObjDistance.max_distance,0.2557954216785395
mamr,RulePredObjDistance.max_distance.v,0.2732350058020467
mamr,RulePredSubjDistance,0.6353487523145612
mamr,RulePredSubjDistance.max_distance,0.26465398924547207
mamr,RulePredSubjDistance.max_distance.v,0.40972216918962095
mamr,RuleTooFewVerbs.min_verb_frac,0.701464430730301
mamr,RuleTooFewVerbs.min_verb_frac.v,0.4247154504043125
mamr,RuleTooManyNegations,0.373034967139107
mamr,RuleTooManyNegations.max_allowable_negations,0.2966100187387875
mamr,RuleTooManyNominalConstructions,0.7830303581331639
mamr,RuleTooManyNominalConstructions.max_allowable_nouns,0.680592828904517
mamr,RuleTooManyNominalConstructions.max_allowable_nouns.v,0.4548178211957515
mamr,activity,0.6176803163467441
mamr,ari,0.6233563134532772
mamr,atl,0.5703751233218501
mamr,cli,0.4285448175124115
mamr,fkgl,0.5346475918415761
mamr,gf,0.6184966265618361
mamr,maentropy,0.42797554478047817
mamr,mattr,0.42918501194211045
mamr,sent_count,0.254819783230596
mamr,smog,0.5962682863304823
mamr,verb_dist,0.6221673504545937
mattr,RuleGPwordorder,0.2513762395387016
mattr,RulePredAtClauseBeginning,0.2783057107685109
mattr,RulePredSubjDistance,0.27068940420485577
mattr,RuleTooFewVerbs.min_verb_frac,0.28823749789771663
mattr,RuleTooManyNegations,0.269566238613832
mattr,RuleTooManyNominalConstructions,0.2978644398414401
mattr,activity,0.284734261556002
mattr,ari,0.26706859799583704
mattr,entropy,0.44589273219066566
mattr,fkgl,0.25916989242753313
mattr,maentropy,0.9644674054272782
mattr,maentropy.v,0.26683347063865803
mattr,mamr,0.42918501194211045
mattr,mattr.v,0.3880759184934083
mattr,smog,0.2796492553126122
mattr.v,RuleFunctionWordRepetition,0.4169847839973172
mattr.v,RuleLongSentences.max_length.v,0.3779141287434592
mattr.v,RuleMultiPartVerbs.max_distance,0.3417434861157378
mattr.v,RulePredSubjDistance.max_distance,0.30668635428641916
mattr.v,maentropy,0.48872001632127404
mattr.v,maentropy.v,0.8537460287514839
mattr.v,mattr,0.3880759184934083
mattr.v,num_hapax,0.2737978518982511
mattr.v,ttr,0.2730548321251008
num_hapax,RuleDoubleAdpos.max_allowable_distance.v,0.3523180322883629
num_hapax,RuleInfVerbDistance.max_distance.v,0.3316969079919256
num_hapax,RuleMultiPartVerbs.max_distance.v,0.3053207597829575
num_hapax,RuleTooManyNegations.max_allowable_negations.v,0.2984230821387747
num_hapax,char_count,0.7097805490842549
num_hapax,entropy,0.5785113965202154
num_hapax,hpoint,0.8224359363578893
num_hapax,mattr.v,0.2737978518982511
num_hapax,sent_count,0.6031069554284022
num_hapax,syllab_count,0.7088864925134759
num_hapax,ttr,0.978610304948037
num_hapax,word_count,0.7207691325898595
sent_count,RuleCaseRepetition,0.2900730047091725
sent_count,RuleDoubleAdpos.max_allowable_distance.v,0.29292567955324694
sent_count,RuleInfVerbDistance,0.2735344925681153
sent_count,RuleInfVerbDistance.max_distance.v,0.2714870393352947
sent_count,RuleLongSentences.max_length,0.36043404327758816
sent_count,RulePredAtClauseBeginning,0.36986882383293973
sent_count,RulePredAtClauseBeginning.max_order,0.306536221846611
sent_count,RulePredSubjDistance,0.3391411675507663
sent_count,RuleTooFewVerbs.min_verb_frac,0.3688720961002266
sent_count,RuleTooManyNominalConstructions,0.39510131944654775
sent_count,RuleTooManyNominalConstructions.max_allowable_nouns,0.34010562428606717
sent_count,activity,0.3422509658734233
sent_count,ari,0.3143242623753583
sent_count,atl,0.3015402087912593
sent_count,char_count,0.81950465760293
sent_count,entropy,0.6476881848449548
sent_count,fkgl,0.26758944099156895
sent_count,gf,0.2928233288573964
sent_count,hpoint,0.7811861677920119
sent_count,mamr,0.254819783230596
sent_count,num_hapax,0.6031069554284022
sent_count,smog,0.2735800826364633
sent_count,syllab_count,0.8358925924415582
sent_count,ttr,0.6798309758230173
sent_count,verb_dist,0.3548525845503787
sent_count,word_count,0.7824621538878005
smog,RuleCaseRepetition,0.9203563690616653
smog,RuleCaseRepetition.max_repetition_frac,0.3733673155654093
smog,RuleCaseRepetition.max_repetition_frac.v,0.37400183364008743
smog,RuleGPwordorder,0.28444898661518825
smog,RuleInfVerbDistance,0.29305223204113173
smog,RuleLiteraryStyle,0.38174893261569226
smog,RuleLongSentences.max_length,0.8805366248310311
smog,RuleMultiPartVerbs,0.4952695315939789
smog,RuleMultiPartVerbs.max_distance.v,0.396892322626916
smog,RulePassive,0.391061506327187
smog,RulePredAtClauseBeginning,0.6508561945419545
smog,RulePredAtClauseBeginning.max_order,0.5784709123994477
smog,RulePredAtClauseBeginning.max_order.v,0.48717583667310105
smog,RulePredObjDistance,0.46724285523557607
smog,RulePredObjDistance.max_distance,0.2516097684708885
smog,RulePredObjDistance.max_distance.v,0.4056730166240042
smog,RulePredSubjDistance,0.4473114876239332
smog,RulePredSubjDistance.max_distance,0.3218644687579828
smog,RulePredSubjDistance.max_distance.v,0.4970510256316154
smog,RuleTooFewVerbs,0.2636333249738669
smog,RuleTooFewVerbs.min_verb_frac,0.7643181888358795
smog,RuleTooManyNegations,0.6768749869536218
smog,RuleTooManyNegations.max_allowable_negations,0.4544412633742223
smog,RuleTooManyNegations.max_allowable_negations.v,0.25052212821519143
smog,RuleTooManyNegations.max_negation_frac,0.3941306972266431
smog,RuleTooManyNominalConstructions,0.6586557104957373
smog,RuleTooManyNominalConstructions.max_allowable_nouns,0.6253084612100259
smog,RuleTooManyNominalConstructions.max_allowable_nouns.v,0.3514756975087392
smog,activity,0.693644351688198
smog,ari,0.9507657043180828
smog,atl,0.3971110871030938
smog,fkgl,0.9481068181642084
smog,fre,0.7605629689792762
smog,gf,0.987118064519622
smog,maentropy,0.2994936960569045
smog,mamr,0.5962682863304823
smog,mattr,0.2796492553126122
smog,sent_count,0.2735800826364633
smog,verb_dist,0.5445394553897044
syllab_count,RuleDoubleAdpos.max_allowable_distance.v,0.4098954489106315
syllab_count,RuleInfVerbDistance.max_distance.v,0.373502958821923
syllab_count,RuleMultiPartVerbs.max_distance.v,0.2986995266692734
syllab_count,RulePredObjDistance.max_distance.v,0.29356133902736187
syllab_count,RuleTooManyNegations.max_allowable_negations.v,0.3214876217190086
syllab_count,char_count,0.9986039386072203
syllab_count,entropy,0.7771724365953944
syllab_count,hpoint,0.9481808820120347
syllab_count,num_hapax,0.7088864925134759
syllab_count,sent_count,0.8358925924415582
syllab_count,ttr,0.7725384098888566
syllab_count,word_count,0.9906143988281517
ttr,RuleDoubleAdpos.max_allowable_distance.v,0.3828950241625111
ttr,RuleInfVerbDistance.max_distance.v,0.3754385845484855
ttr,RuleMultiPartVerbs.max_distance.v,0.30719262828529464
ttr,RuleTooManyNegations.max_allowable_negations.v,0.33027959685556085
ttr,char_count,0.7713944342240558
ttr,entropy,0.6283720469136247
ttr,hpoint,0.8848838216141047
ttr,mattr.v,0.2730548321251008
ttr,num_hapax,0.978610304948037
ttr,sent_count,0.6798309758230173
ttr,syllab_count,0.7725384098888566
ttr,word_count,0.7790931169502237
verb_dist,RuleCaseRepetition,0.5458557597070669
verb_dist,RuleGPwordorder,0.3051136973314212
verb_dist,RuleInfVerbDistance,0.5814126344692679
verb_dist,RuleLongSentences.max_length,0.6675922769210305
verb_dist,RuleMultiPartVerbs,0.5428869486554239
verb_dist,RuleMultiPartVerbs.max_distance.v,0.2898813007889967
verb_dist,RulePassive,0.3328112458447626
verb_dist,RulePredAtClauseBeginning,0.7729183134824501
verb_dist,RulePredAtClauseBeginning.max_order,0.6528224688448221
verb_dist,RulePredAtClauseBeginning.max_order.v,0.3551077073010287
verb_dist,RulePredObjDistance.max_distance,0.37645374469197906
verb_dist,RulePredSubjDistance,0.5386643252155688
verb_dist,RulePredSubjDistance.max_distance,0.448770947751734
verb_dist,RulePredSubjDistance.max_distance.v,0.3774261832525934
verb_dist,RuleTooFewVerbs.min_verb_frac,0.7475901119683085
verb_dist,RuleTooFewVerbs.min_verb_frac.v,0.4175438622919993
verb_dist,RuleTooManyNegations,0.29599524411133593
verb_dist,RuleTooManyNominalConstructions,0.7888643636142306
verb_dist,RuleTooManyNominalConstructions.max_allowable_nouns,0.7980997911058767
verb_dist,RuleTooManyNominalConstructions.max_allowable_nouns.v,0.3329998853461857
verb_dist,RuleWeakMeaningWords,0.25379929224833164
verb_dist,activity,0.7633974031489136
verb_dist,ari,0.5704086372787697
verb_dist,atl,0.5522566877914741
verb_dist,cli,0.42676183624898084
verb_dist,fkgl,0.48463231278120233
verb_dist,gf,0.5689327120957121
verb_dist,mamr,0.6221673504545937
verb_dist,sent_count,0.3548525845503787
verb_dist,smog,0.5445394553897044
word_count,RuleCaseRepetition,0.2596896757057877
word_count,RuleDoubleAdpos.max_allowable_distance.v,0.4190872056345727
word_count,RuleInfVerbDistance.max_distance.v,0.3740994613621672
word_count,RuleMultiPartVerbs.max_distance.v,0.34194303496856887
word_count,RulePredObjDistance.max_distance.v,0.32664660769154613
word_count,RuleTooManyNegations.max_allowable_negations,0.2824135714836136
word_count,RuleTooManyNegations.max_allowable_negations.v,0.338206515892792
word_count,char_count,0.9948552994246342
word_count,entropy,0.7743348532136828
word_count,hpoint,0.9569970876853405
word_count,num_hapax,0.7207691325898595
word_count,sent_count,0.7824621538878005
word_count,syllab_count,0.9906143988281517
word_count,ttr,0.7790931169502237
